<?xml version="1.0" encoding="UTF-8"?>
<project-private xmlns="http://www.netbeans.org/ns/project-private/1">
    <editor-bookmarks xmlns="http://www.netbeans.org/ns/editor-bookmarks/2" lastBookmarkId="0"/>
    <open-files xmlns="http://www.netbeans.org/ns/projectui-open-files/2">
        <group>
            <file>file:/C:/Users/Vince/OneDrive/Documents/NetBeansProjects/Compiler/src/compiler/Compiler.java</file>
            <file>file:/C:/Users/Vince/OneDrive/Documents/NetBeansProjects/Compiler/src/compiler/Lexical_Analyzer.java</file>
            <file>file:/C:/Users/Vince/OneDrive/Documents/NetBeansProjects/Compiler/src/compiler/parser.java</file>
            <file>file:/C:/Users/Vince/OneDrive/Documents/NetBeansProjects/Compiler/src/compiler/AST.java</file>
            <file>file:/C:/Users/Vince/OneDrive/Documents/NetBeansProjects/Compiler/src/compiler/CodeGenerator.java</file>
            <file>file:/C:/Users/Vince/OneDrive/Documents/NetBeansProjects/Compiler/src/compiler/SemanticAnalyzer.java</file>
        </group>
    </open-files>
</project-private>
